[
    {
        "título": "Stranger Me",
        "cadena": "ABC-Me",
        "director": "Yo",
        "año": 2000,
        "terminada": "Sí"
    },
    {
        "título": "Aquí no hay quién viva",
        "cadena": "Neox",
        "director": "Manolo Díez",
        "año": 2005,
        "terminada": "No"
    },
    {
        "título": "Dinosaurios",
        "cadena": "La 2",
        "director": "T-Rex",
        "año": 1997,
        "terminada": "Sí"
    },
    {
        "título": "Covid-21: El fin del mundo",
        "cadena": "SyFy",
        "director": "Dios",
        "año": 2022,
        "terminada": "No"
    },
    {
        "título": "La echo de menos",
        "cadena": "Muchisimo",
        "director": "Qué Mal Todo",
        "año": 2010,
        "terminada": "No"
    }
]